names,scores,logfoldchanges,pvals,pvals_adj
Dmel_CG12223,52.52903,1.1443479,0.0,0.0
Dmel_CG3997,51.22498,1.052495,0.0,0.0
Dmel_CG14482,51.02695,1.2202955,0.0,0.0
Dmel_CG3001,48.85371,1.0340302,0.0,0.0
Dmel_CG9748,45.29425,1.0895495,0.0,0.0
Dmel_CG1659,44.069622,1.1753818,0.0,0.0
Dmel_CG9659,42.969418,1.0875704,0.0,0.0
Dmel_CG3399,41.926174,1.279568,0.0,0.0
Dmel_CG14975,41.58917,1.0531483,0.0,0.0
Dmel_CG14617,41.254517,1.2379405,0.0,0.0
Dmel_CG43770,41.212734,1.0230923,0.0,0.0
Dmel_CG7761,40.343628,1.3356781,0.0,0.0
Dmel_CG9034,39.678062,1.0376006,0.0,0.0
Dmel_CG34200,39.480442,1.3043634,0.0,0.0
Dmel_CG14307,38.700806,1.3127718,0.0,0.0
Dmel_CG17124,37.73277,1.047076,0.0,0.0
Dmel_CG8764,35.821457,1.0557901,5.118677104301277e-281,1.921843880789231e-278
Dmel_CG6146,35.8015,1.0323904,1.0467137291035907e-280,3.820795865041746e-278
Dmel_CG3779,35.55065,1.0522014,8.118136934825788e-277,2.8073799331722545e-274
Dmel_CG5907,33.74137,1.1234725,1.4308457597355316e-249,4.178387584152138e-247
Dmel_CG1554,32.424217,1.256719,1.2510723435504943e-230,3.223596405215107e-228
Dmel_CG11129,31.419792,5.4225454,1.0859652423243004e-216,2.460460215410971e-214
Dmel_CG1691,31.259905,1.3845755,1.637640709056839e-214,3.5867060929526536e-212
Dmel_CG8442,30.199535,1.0372002,2.4020243678916333e-200,4.384028085897772e-198
Dmel_CG9086,30.182472,1.1602998,4.023008742919781e-200,7.241966834343677e-198
Dmel_CG31690,29.534351,1.0350407,1.0432056769153608e-191,1.6924402222647848e-189
Dmel_CG8602,29.34097,1.0223289,3.11556375847947e-189,4.816661570609261e-187
Dmel_CG17931,28.852324,1.385754,4.737994164793415e-183,6.841975969181348e-181
Dmel_CG42594,28.76672,1.034519,5.596644454376011e-182,7.994076605973386e-180
Dmel_CG10695,28.457994,1.1513687,3.880439156959227e-178,5.36766852227381e-176
Dmel_CG13364,28.456915,1.0574468,4.0017766225261034e-178,5.477848603814118e-176
Dmel_CG34250,28.30048,1.2541558,3.4091348518227424e-176,4.618499081216769e-174
Dmel_CG32982,26.162693,1.1079879,7.0676923722186e-151,7.550938655554847e-149
Dmel_CG42524,24.625694,1.1162465,6.704487819672536e-134,6.248487548816794e-132
Dmel_CG18023,24.251713,1.1459186,6.342580690330958e-130,5.593815627626786e-128
Dmel_CG33303,23.925083,1.0002462,1.679440558485409e-126,1.423840540584307e-124
Dmel_CG13751,21.764744,1.1784714,5.008859553165955e-105,3.482614994082212e-103
Dmel_CG11064,21.019018,1.3033433,4.3943198001389557e-98,2.8729232086381104e-96
Dmel_CR46282,20.926716,1.1351709,3.058630082706479e-97,1.979973296396347e-95
Dmel_CG2985,19.817884,7.663466,2.0870111379058014e-87,1.2353789803252314e-85
Dmel_CG9774,19.355093,1.206954,1.8466240961011473e-83,1.0459692778821197e-81
Dmel_CR40469,18.795742,1.039715,8.182684536793691e-79,4.3710836381303215e-77
Dmel_CG18467,18.375864,1.179003,2.050175797495353e-75,1.0565239276426054e-73
Dmel_CG11768,18.285837,1.2650315,1.0730445296716195e-74,5.4443545036350394e-73
Dmel_CG3712,18.201141,1.1003443,5.054401114591971e-74,2.544823181871766e-72
Dmel_CG17776,18.150476,1.0299584,1.2729386067036304e-73,6.360336969845022e-72
Dmel_CG3961,17.863768,1.0483236,2.2586694170404466e-71,1.0793154476119457e-69
Dmel_CG34186,16.164738,1.0793123,8.941869916066667e-59,3.5393106194889175e-57
Dmel_CG3870,15.105007,1.1853634,1.5009051628823334e-51,5.316278907125807e-50
Dmel_CG30115,14.685484,1.2014451,7.986244736059532e-49,2.7048258267154205e-47
Dmel_CR32865,14.415249,1.0150892,4.149379434018918e-47,1.3631748785610651e-45
Dmel_CG34147,14.025742,1.091896,1.0847238416705613e-44,3.369824114277269e-43
Dmel_CG5481,13.915825,1.108433,5.077073485040865e-44,1.5515772713237675e-42
Dmel_CG2979,11.879788,5.254228,1.5074926601157677e-32,3.608371775333571e-31
Dmel_CR43334,11.372218,1.1799744,5.750702012345085e-30,1.294006423702513e-28
Dmel_CG45784,10.803388,1.0198426,3.3173524582756946e-27,6.941612843025622e-26
Dmel_CG33774,10.593164,1.2807902,3.2056720960424414e-26,6.551436549625774e-25
Dmel_CG3450,9.7785845,1.0352339,1.3914255069235098e-22,2.5185568300939176e-21
Dmel_CG40472,8.083768,1.3692435,6.279560341305771e-16,9.251087718060443e-15
Dmel_CG13586,6.80201,1.5849116,1.0316956128568928e-11,1.2336225703869363e-10
Dmel_CG3297,6.7691917,1.214612,1.2950370915983881e-11,1.538705462992262e-10
Dmel_CG45782,6.767573,1.1355293,1.3096070798464908e-11,1.5546112589216565e-10
Dmel_CR45333,6.7039194,1.1219634,2.0290227594991412e-11,2.3913352540428894e-10
Dmel_CG12239,6.5300655,1.4428537,6.574090504871167e-11,7.538405176658988e-10
Dmel_CG30173,6.37991,1.0319889,1.7719205931339864e-10,1.9749625542301706e-09
Dmel_CG18624,6.3724413,1.7507976,1.860427708963936e-10,2.071854281652126e-09
Dmel_CR43264,6.1926446,1.9687803,5.916296152242755e-10,6.409402121733063e-09
Dmel_CG34220,5.951073,4.332255,2.663899878411238e-09,2.773875459762447e-08
Dmel_CG1244,5.829476,1.1170588,5.560179260282667e-09,5.677258403991805e-08
Dmel_CG33993,5.345081,1.1875029,9.037659381126827e-08,8.581205341574251e-07
Dmel_CR45668,5.2656364,1.7294446,1.3970435693199224e-07,1.31226229767213e-06
Dmel_CG42666,5.12689,1.112377,2.945675613751301e-07,2.7183373062012532e-06
Dmel_CG11051,5.04038,1.0903234,4.646080608896675e-07,4.161836760839209e-06
Dmel_CG10833,4.913034,1.0258291,8.967764575755566e-07,7.832509095013972e-06
Dmel_CG4145,4.8695264,1.021993,1.1186606630673439e-06,9.671263008794715e-06
Dmel_CG8556,4.5867486,1.171165,4.502018282253126e-06,3.645164648619121e-05
Dmel_CG9786,4.1325974,1.2246157,3.586865212016691e-05,0.00026766039608808255
Dmel_CG3936,4.121709,1.0050302,3.7607213848543936e-05,0.00027999795874431493
Dmel_CR44832,4.0757627,1.0130676,4.586380352734562e-05,0.00033916502090762453
Dmel_CG14645,4.0164022,8.744655,5.9093373978082136e-05,0.00043021940578724514
Dmel_CG42855,3.9016395,1.0184679,9.554334710458683e-05,0.0006786676347575002
Dmel_CG10060,3.822605,1.1373712,0.00013204924659452398,0.0009200737802219722
Dmel_CR44831,3.634943,1.3918802,0.00027804208722104716,0.001855637921874952
Dmel_CG30035,3.4079082,1.0339413,0.0006546293735392062,0.004175416492143653
Dmel_CG10226,3.0662808,1.0854901,0.0021673956133700764,0.012835396915410625
Dmel_CR43014,2.9153767,1.1096344,0.0035525952775406796,0.020315341402159303
Dmel_CG3143,2.837481,1.1009479,0.004547103995211146,0.02553568102609815
Dmel_CG8588,2.7262905,1.0161656,0.0064050599452184975,0.03509962165976492
Dmel_CG3466,-2.6052134,-1.9012637,0.009181706506483155,0.0488686938848502
Dmel_CG41378,-2.605959,-1.2340976,0.009161744673421696,0.048782206950338136
Dmel_CR45479,-3.1510637,-2.3083222,0.0016267698808422734,0.009828681840987731
Dmel_CG18345,-3.1710372,-1.2011483,0.0015189564038837996,0.009211170329227969
Dmel_CG1561,-3.379172,-1.1979017,0.0007270445289639626,0.004597734434608004
Dmel_CG13061,-3.4113886,-1.7940083,0.0006463287224375249,0.004127019310763613
Dmel_CG6781,-4.021736,-1.7655963,5.7770797440721215e-05,0.00042082375231070816
Dmel_CG4784,-4.2497025,-2.2505636,2.1405472515794917e-05,0.00016268901927707404
Dmel_CG32580,-5.371843,-2.6259763,7.793607738346106e-08,7.437603434248815e-07
Dmel_CR41602,-5.626611,-1.143852,1.8378436758851025e-08,1.826861100212264e-07
Dmel_CG5711,-7.6036572,-1.2103082,2.878771249400286e-14,3.957105961126481e-13
Dmel_CR45859,-13.527252,-1.3259902,1.0798507683735008e-41,3.132520738895402e-40
Dmel_CG4899,-13.624943,-1.7092146,2.8463183362156572e-42,8.348988673261149e-41
Dmel_CG4550,-33.164272,-1.6496937,3.526680426548401e-241,9.860448401121817e-239
Dmel_CR32665,-148.57535,-9.018477,0.0,0.0
Dmel_CR32777,-180.53362,-7.877875,0.0,0.0
